Reference,Qty,Value,Device,Package,Description
"A0_20,A0_21,A0_22,A0_23,A1_20,A1_21,A1_22,A1_23,A2_20,A2_21,A2_22,A2_23,A3_20,A3_21,A3_22,A3_23,A4_20,A4_21,A4_22,A4_23,A5_20,A5_21,A5_22,A5_23,A6_20,A6_21,A6_22,A6_23,A7_20,A7_21,A7_22,B0_20,B0_21,B0_22,B0_23,B1_20,B1_21,B1_22,B1_23,B2_20,B2_21,B2_22,B2_23,B3_20,B3_21,B3_22,B3_23,B4_20,B4_21,B4_22,B4_23,B5_20,B5_21,B5_22,B5_23,B6_20,B6_21,B6_22,B6_23,B7_20,B7_21,B7_22,B7_23,BTN_NRST_STM1,BTN_REGLAGE_PB5,BTN_REGLAGE_PC10",66,SW_Push,,,"Push button switch, generic, two pins"
"A0_20_C1,A0_21_C1,A0_22_C1,A0_23_C1,A1_20_C1,A1_21_C1,A1_22_C1,A1_23_C1,A2_20_C1,A2_21_C1,A2_22_C1,A2_23_C1,A3_20_C1,A3_21_C1,A3_22_C1,A3_23_C1,A4_20_C1,A4_21_C1,A4_22_C1,A4_23_C1,A5_20_C1,A5_21_C1,A5_22_C1,A5_23_C1,A6_20_C1,A6_21_C1,A6_22_C1,A6_23_C1,A7_20_C1,A7_21_C1,A7_22_C1,B0_20_C1,B0_21_C1,B0_22_C1,B0_23_C1,B1_20_C1,B1_21_C1,B1_22_C1,B1_23_C1,B2_20_C1,B2_21_C1,B2_22_C1,B2_23_C1,B3_20_C1,B3_21_C1,B3_22_C1,B3_23_C1,B4_20_C1,B4_21_C1,B4_22_C1,B4_23_C1,B5_20_C1,B5_21_C1,B5_22_C1,B5_23_C1,B6_20_C1,B6_21_C1,B6_22_C1,B6_23_C1,B7_20_C1,B7_21_C1,B7_22_C1,B7_23_C1,C5",64,1uF,,,Unpolarized capacitor
"A0_20_D1,A0_21_D1,A0_22_D1,A0_23_D1,A1_20_D1,A1_21_D1,A1_22_D1,A1_23_D1,A2_20_D1,A2_21_D1,A2_22_D1,A2_23_D1,A3_20_D1,A3_21_D1,A3_22_D1,A3_23_D1,A4_20_D1,A4_21_D1,A4_22_D1,A4_23_D1,A5_20_D1,A5_21_D1,A5_22_D1,A5_23_D1,A6_20_D1,A6_21_D1,A6_22_D1,A6_23_D1,A7_20_D1,A7_21_D1,A7_22_D1,B0_20_D1,B0_21_D1,B0_22_D1,B0_23_D1,B1_20_D1,B1_21_D1,B1_22_D1,B1_23_D1,B2_20_D1,B2_21_D1,B2_22_D1,B2_23_D1,B3_20_D1,B3_21_D1,B3_22_D1,B3_23_D1,B4_20_D1,B4_21_D1,B4_22_D1,B4_23_D1,B5_20_D1,B5_21_D1,B5_22_D1,B5_23_D1,B6_20_D1,B6_21_D1,B6_22_D1,B6_23_D1,B7_20_D1,B7_21_D1,B7_22_D1,B7_23_D1,D1",64,D_Schottky,,,Schottky diode
"A0_20_R1,A0_21_R1,A0_22_R1,A0_23_R1,A1_20_R1,A1_21_R1,A1_22_R1,A1_23_R1,A2_20_R1,A2_21_R1,A2_22_R1,A2_23_R1,A3_20_R1,A3_21_R1,A3_22_R1,A3_23_R1,A4_20_R1,A4_21_R1,A4_22_R1,A4_23_R1,A5_20_R1,A5_21_R1,A5_22_R1,A5_23_R1,A6_20_R1,A6_21_R1,A6_22_R1,A6_23_R1,A7_20_R1,A7_21_R1,A7_22_R1,B0_20_R1,B0_21_R1,B0_22_R1,B0_23_R1,B1_20_R1,B1_21_R1,B1_22_R1,B1_23_R1,B2_20_R1,B2_21_R1,B2_22_R1,B2_23_R1,B3_20_R1,B3_21_R1,B3_22_R1,B3_23_R1,B4_20_R1,B4_21_R1,B4_22_R1,B4_23_R1,B5_20_R1,B5_21_R1,B5_22_R1,B5_23_R1,B6_20_R1,B6_21_R1,B6_22_R1,B6_23_R1,B7_20_R1,B7_21_R1,B7_22_R1,B7_23_R1,R16",64,150R,,,Resistor
"A0_20_R2,A0_21_R2,A0_22_R2,A0_23_R2,A1_20_R2,A1_21_R2,A1_22_R2,A1_23_R2,A2_20_R2,A2_21_R2,A2_22_R2,A2_23_R2,A3_20_R2,A3_21_R2,A3_22_R2,A3_23_R2,A4_20_R2,A4_21_R2,A4_22_R2,A4_23_R2,A5_20_R2,A5_21_R2,A5_22_R2,A5_23_R2,A6_20_R2,A6_21_R2,A6_22_R2,A6_23_R2,A7_20_R2,A7_21_R2,A7_22_R2,B0_20_R2,B0_21_R2,B0_22_R2,B0_23_R2,B1_20_R2,B1_21_R2,B1_22_R2,B1_23_R2,B2_20_R2,B2_21_R2,B2_22_R2,B2_23_R2,B3_20_R2,B3_21_R2,B3_22_R2,B3_23_R2,B4_20_R2,B4_21_R2,B4_22_R2,B4_23_R2,B5_20_R2,B5_21_R2,B5_22_R2,B5_23_R2,B6_20_R2,B6_21_R2,B6_22_R2,B6_23_R2,B7_20_R2,B7_21_R2,B7_22_R2,B7_23_R2,PULLUP_INTB_20,PULLUP_INTB_21,PULLUP_INTB_22,PULLUP_INTB_23,PULLUP_INT_20,PULLUP_INT_21,PULLUP_INT_22,PULLUP_INT_23,R15,RESET_PULLUP_20,RESET_PULLUP_21,RESET_PULLUP_22,RESET_PULLUP_23,RPB5",77,10K,,,Resistor
"C1,C74,C75,C77",4,100nF,,,Unpolarized capacitor
"C62,C63",2,4.3pF,,,Unpolarized capacitor
"C64,C65",2,18pF,,,Unpolarized capacitor
"C66,C67,C68,C69,C70,C71,C_DECOUPLAGE_20,C_DECOUPLAGE_21,C_DECOUPLAGE_22,C_DECOUPLAGE_23",10,0.1uF,,,Unpolarized capacitor
C72,1,C,,,Unpolarized capacitor
C73,1,4.7uF,,,Unpolarized capacitor
C76,1,"1nF, 2kV",,,Unpolarized capacitor
CR1,1,SD12C.TCT,,,
C_Polarized1,1,4.7uF,,,Polarized capacitor
"D58,D59",2,ESD9L5.0ST5G,,SOD-923-2 ON Semiconductor,
FB1,1,FerriteBead,,,Ferrite bead
J1,1,USB4120-03-C_REVA6,,GCT_USB4120-03-C_REVA6,
JP1,1,Conn_01x06,,,"Generic connector, single row, 01x06, script generated (kicad-library-utils/schlib/autogen/connector/)"
JP2,1,Conn_01x03,,,"Generic connector, single row, 01x03, script generated (kicad-library-utils/schlib/autogen/connector/)"
"JST_PH_FEMAILE_PUSH_BUTTON1,JST_PH_FEMALE_FSR1",2,Conn_01x02_Socket,,,"Generic connector, single row, 01x02, script generated"
"MCP23017_AD23,MCP23017_ADD20,MCP23017_ADD21,MCP23017_ADD22",4,MCP23017,,,"16-bit I/O expander, I2C, interrupts, w pull-ups, GPA/B7 output only (https://microchip.my.site.com/s/article/GPA7---GPB7-Cannot-Be-Used-as-Inputs-In-MCP23017),  SOIC-28"
R6,1,"4,7k",,,Resistor
R7,1,"4,7K",,,Resistor
R17,1,~,,,Resistor
"R130,RPC10",2,R,,,Resistor
"R131,R133",2,5.1K,,,Resistor
R132,1,1M,,,Resistor
U1,1,UDA1334A_Breakout,,,
U2,1,STM32F411RETx,,,"STMicroelectronics Arm Cortex-M4 MCU, 512KB flash, 128KB RAM, 100 MHz, 1.7-3.6V, 50 GPIO, LQFP64"
U3,1,BD33HC5WEFJ-E2,,,
Y1,1,32.768KHz,,XTAL_ABS25-32.768KHZ-6-T,
Y2,1,8MHz,"ABLS2-8,000MHZ-B1U-T",XTAL_ABLS2-8.000MHZ-D4Y-T,Two pin crystal
